epoch,train_loss,valid_loss,fbeta,accuracy_thresh,cpu used,peak,gpu used,peak,time
0,0.061347,0.099944,0.924133,0.959840,0,0,128,2840,00:09
1,0.058990,0.107002,0.917486,0.958240,0,0,0,2840,00:09
2,0.059367,0.099309,0.924514,0.961120,0,0,0,2840,00:09
3,0.057351,0.098802,0.923276,0.962720,0,0,0,2840,00:09
4,0.055784,0.099802,0.923105,0.962400,0,0,0,2840,00:09
