image,confidence,pred,category
2160815.jpg,0.45792294,5,2
2831345.jpg,0.47284624,5,1
2876211.jpg,0.5448517,5,1
2872263.jpg,0.5465219,4,2
2816481.jpg,0.58952415,5,2
2843780.jpg,0.67344147,1,5
2884323.jpg,0.68581396,1,5
2792375.jpg,0.8003149,5,1
2866146.jpg,0.9222933,1,5
